"HITId","HITTypeId","Title","Description","Keywords","Reward","CreationTime","MaxAssignments","RequesterAnnotation","AssignmentDurationInSeconds","AutoApprovalDelayInSeconds","Expiration","NumberOfSimilarHITs","LifetimeInSeconds","AssignmentId","WorkerId","AssignmentStatus","AcceptTime","SubmitTime","AutoApprovalTime","ApprovalTime","RejectionTime","RequesterFeedback","WorkTimeInSeconds","LifetimeApprovalRate","Last30DaysApprovalRate","Last7DaysApprovalRate","Input.hit_file_format_version","Input.corpus_id","Input.video_id","Input.predicate_token_id","Input.roleset","Input.predicate_lemma","Input.predicate_progressive","Input.argnum","Input.sentences_and_args_as_json","Input.sampling_method","Answer.awareness","Answer.awareness_grammatical","Answer.awareness_makes_sense","Answer.can_be_dynamic","Answer.can_be_dynamic_grammatical","Answer.can_be_dynamic_makes_sense","Answer.change_of_location","Answer.change_of_location_grammatical","Answer.change_of_location_makes_sense","Answer.change_of_possession","Answer.change_of_possession_grammatical","Answer.change_of_possession_makes_sense","Answer.change_of_state","Answer.change_of_state_grammatical","Answer.change_of_state_makes_sense","Answer.existed_after","Answer.existed_after_grammatical","Answer.existed_after_makes_sense","Answer.existed_before","Answer.existed_before_grammatical","Answer.existed_before_makes_sense","Answer.existed_during","Answer.existed_during_grammatical","Answer.existed_during_makes_sense","Answer.instigation","Answer.instigation_grammatical","Answer.instigation_makes_sense","Answer.is_dynamic","Answer.is_dynamic_grammatical","Answer.is_dynamic_makes_sense","Answer.partitive","Answer.partitive_grammatical","Answer.partitive_makes_sense","Answer.question_presentation_order","Answer.sentence_grammatical","Answer.sentient","Answer.sentient_grammatical","Answer.sentient_makes_sense","Answer.submit","Answer.volition","Answer.volition_grammatical","Answer.volition_makes_sense","Answer.was_for_benefit","Answer.was_for_benefit_grammatical","Answer.was_for_benefit_makes_sense","Answer.was_used","Answer.was_used_grammatical","Answer.was_used_makes_sense","Approve","Reject"
"3THR0FZ95PYY0X81XF58JIFD5DZOL4","3ZY5FK1Q9GTNBHW1XI2KYSLID9R8OH","Annotating semantic properties of different sentences","Decide what properties different sentences have","semantic properties","$0.80","Tue Dec 05 13:32:43 PST 2023","3","BatchId:5164553;OriginalHitTemplateId:928390828;","10800","259200","Tue Dec 12 13:32:43 PST 2023","","","3U5JL4WY5LERJID2IGYO5XZFP9B4XQ","A28HB7240OFGEW","Submitted","Tue Dec 05 13:38:23 PST 2023","Tue Dec 05 13:59:45 PST 2023","Fri Dec 08 13:59:45 PST 2023","","","","1282","100% (578/578)","0% (0/0)","0% (0/0)","2.0.0","VQA","https://ugrad.cs.jhu.edu/~jgualla1/COCO_train2014_000000524314.jpg","(2, 5)","","to be on the street","being on the street","The man","{""argument_phrase"": ""The man"", ""full_argument_label"": ""nsubj"", ""sentence"": ""<span class=\\\""argument\\\""class=\\\""nsubj\\\"">The man</span><span class=\\\""predicate\\\"">is on the street</span>""}","it-happened","5","true","yes","5","true","yes","2","true","yes","1","true","no","4","true","yes","5","true","yes","5","true","yes","5","true","yes","4","true","yes","5","true","yes","4","true","yes","instigation volition partitive sentient awareness was_used change_of_location change_of_possession can_be_dynamic was_for_benefit is_dynamic existed_before existed_during existed_after change_of_state","5","5","true","yes","Submit","4","true","yes","2","true","yes","5","true","yes"
"3THR0FZ95PYY0X81XF58JIFD5DZOL4","3ZY5FK1Q9GTNBHW1XI2KYSLID9R8OH","Annotating semantic properties of different sentences","Decide what properties different sentences have","semantic properties","$0.80","Tue Dec 05 13:32:43 PST 2023","3","BatchId:5164553;OriginalHitTemplateId:928390828;","10800","259200","Tue Dec 12 13:32:43 PST 2023","","","3SEPORI8WO4VQ2TYSZW0FL1QPJ5ZAT","A17TKHT8FEVH0R","Submitted","Tue Dec 05 14:04:00 PST 2023","Tue Dec 05 14:05:52 PST 2023","Fri Dec 08 14:05:52 PST 2023","","","","112","93% (37/40)","0% (0/0)","0% (0/0)","2.0.0","VQA","https://ugrad.cs.jhu.edu/~jgualla1/COCO_train2014_000000524314.jpg","(2, 5)","","to be on the street","being on the street","The man","{""argument_phrase"": ""The man"", ""full_argument_label"": ""nsubj"", ""sentence"": ""<span class=\\\""argument\\\""class=\\\""nsubj\\\"">The man</span><span class=\\\""predicate\\\"">is on the street</span>""}","it-happened","5","true","yes","2","true","yes","2","true","yes","2","true","yes","3","true","yes","3","true","yes","5","true","yes","5","true","yes","3","true","yes","2","true","yes","1","true","yes","change_of_location change_of_possession volition instigation awareness existed_before existed_during existed_after sentient change_of_state partitive is_dynamic was_used can_be_dynamic was_for_benefit","5","5","true","yes","Submit","5","true","yes","1","true","yes","3","true","no"
"3THR0FZ95PYY0X81XF58JIFD5DZOL4","3ZY5FK1Q9GTNBHW1XI2KYSLID9R8OH","Annotating semantic properties of different sentences","Decide what properties different sentences have","semantic properties","$0.80","Tue Dec 05 13:32:43 PST 2023","3","BatchId:5164553;OriginalHitTemplateId:928390828;","10800","259200","Tue Dec 12 13:32:43 PST 2023","","","39PAAFCODN5JWENXX2YEPKEMPXJTV7","ACKG8OU1KHKO2","Submitted","Tue Dec 05 13:33:54 PST 2023","Tue Dec 05 14:31:34 PST 2023","Fri Dec 08 14:31:34 PST 2023","","","","3460","100% (150/150)","100% (1/1)","100% (1/1)","2.0.0","VQA","https://ugrad.cs.jhu.edu/~jgualla1/COCO_train2014_000000524314.jpg","(2, 5)","","to be on the street","being on the street","The man","{""argument_phrase"": ""The man"", ""full_argument_label"": ""nsubj"", ""sentence"": ""<span class=\\\""argument\\\""class=\\\""nsubj\\\"">The man</span><span class=\\\""predicate\\\"">is on the street</span>""}","it-happened","4","true","yes","5","true","yes","5","true","yes","1","true","yes","4","true","yes","5","true","yes","5","true","yes","4","true","yes","4","true","yes","4","true","yes","2","true","yes","sentient partitive volition instigation change_of_possession existed_before existed_during existed_after was_for_benefit was_used is_dynamic awareness change_of_location change_of_state can_be_dynamic","5","5","true","yes","Submit","4","true","yes","5","true","yes","5","true","yes"
"39XCQ6V3KY9U92ZC5W37LTXPYN665A","3ZY5FK1Q9GTNBHW1XI2KYSLID9R8OH","Annotating semantic properties of different sentences","Decide what properties different sentences have","semantic properties","$0.80","Tue Dec 05 13:32:43 PST 2023","3","BatchId:5164553;OriginalHitTemplateId:928390828;","10800","259200","Tue Dec 12 13:32:43 PST 2023","","","31Q0U3WYDQKGC4ASDLBOD0FOBWM71L","A28HB7240OFGEW","Submitted","Tue Dec 05 13:37:27 PST 2023","Tue Dec 05 13:49:45 PST 2023","Fri Dec 08 13:49:45 PST 2023","","","","738","100% (578/578)","0% (0/0)","0% (0/0)","2.0.0","VQA","https://ugrad.cs.jhu.edu/~jgualla1/COCO_train2014_000000262260.jpg","(2, 7)","","to appear","appearing","The birds","{""argument_phrase"": ""The birds"", ""full_argument_label"": ""nsubj"", ""sentence"": ""<span class=\\\""argument\\\""class=\\\""nsubj\\\"">The birds</span><span class=\\\""predicate\\\"">are only appearing as black silhouettes</span>""}","it-happened","4","true","yes","4","true","yes","4","true","yes","1","true","no","2","true","yes","5","true","yes","5","true","yes","5","true","yes","4","true","yes","4","true","yes","2","true","no","instigation change_of_state sentient is_dynamic change_of_location was_used can_be_dynamic volition awareness partitive existed_before existed_during existed_after change_of_possession was_for_benefit","5","4","true","yes","Submit","5","true","yes","4","true","yes","5","true","yes"
"39XCQ6V3KY9U92ZC5W37LTXPYN665A","3ZY5FK1Q9GTNBHW1XI2KYSLID9R8OH","Annotating semantic properties of different sentences","Decide what properties different sentences have","semantic properties","$0.80","Tue Dec 05 13:32:43 PST 2023","3","BatchId:5164553;OriginalHitTemplateId:928390828;","10800","259200","Tue Dec 12 13:32:43 PST 2023","","","3QAVNHZ3EN9BLDCUDY5R76QSAAYALM","A17TKHT8FEVH0R","Submitted","Tue Dec 05 14:10:36 PST 2023","Tue Dec 05 14:19:26 PST 2023","Fri Dec 08 14:19:26 PST 2023","","","","530","93% (37/40)","0% (0/0)","0% (0/0)","2.0.0","VQA","https://ugrad.cs.jhu.edu/~jgualla1/COCO_train2014_000000262260.jpg","(2, 7)","","to appear","appearing","The birds","{""argument_phrase"": ""The birds"", ""full_argument_label"": ""nsubj"", ""sentence"": ""<span class=\\\""argument\\\""class=\\\""nsubj\\\"">The birds</span><span class=\\\""predicate\\\"">are only appearing as black silhouettes</span>""}","it-happened","2","true","yes","4","true","yes","4","true","yes","2","true","yes","2","true","yes","4","true","yes","5","true","yes","5","true","yes","4","true","yes","4","true","yes","5","true","yes","awareness was_for_benefit change_of_location partitive can_be_dynamic volition change_of_possession sentient change_of_state was_used instigation is_dynamic existed_before existed_during existed_after","5","4","true","yes","Submit","1","true","yes","1","true","yes","5","true","yes"
"39XCQ6V3KY9U92ZC5W37LTXPYN665A","3ZY5FK1Q9GTNBHW1XI2KYSLID9R8OH","Annotating semantic properties of different sentences","Decide what properties different sentences have","semantic properties","$0.80","Tue Dec 05 13:32:43 PST 2023","3","BatchId:5164553;OriginalHitTemplateId:928390828;","10800","259200","Tue Dec 12 13:32:43 PST 2023","","","3TVSS0C0E25WB3N2NC3ABMX0W6LTWH","ACKG8OU1KHKO2","Submitted","Tue Dec 05 13:33:59 PST 2023","Tue Dec 05 14:46:46 PST 2023","Fri Dec 08 14:46:46 PST 2023","","","","4367","100% (150/150)","100% (1/1)","100% (1/1)","2.0.0","VQA","https://ugrad.cs.jhu.edu/~jgualla1/COCO_train2014_000000262260.jpg","(2, 7)","","to appear","appearing","The birds","{""argument_phrase"": ""The birds"", ""full_argument_label"": ""nsubj"", ""sentence"": ""<span class=\\\""argument\\\""class=\\\""nsubj\\\"">The birds</span><span class=\\\""predicate\\\"">are only appearing as black silhouettes</span>""}","it-happened","2","true","yes","5","true","yes","4","true","yes","1","true","yes","4","true","yes","5","true","yes","5","true","yes","4","true","yes","1","true","yes","4","true","yes","4","true","yes","awareness was_for_benefit instigation volition was_used existed_before existed_during existed_after change_of_state sentient change_of_possession is_dynamic can_be_dynamic change_of_location partitive","4","5","true","yes","Submit","2","true","yes","3","true","yes","1","true","yes"
"3WGCNLZJKFDU6TD8EW99O9U03TO1DF","3ZY5FK1Q9GTNBHW1XI2KYSLID9R8OH","Annotating semantic properties of different sentences","Decide what properties different sentences have","semantic properties","$0.80","Tue Dec 05 13:32:43 PST 2023","3","BatchId:5164553;OriginalHitTemplateId:928390828;","10800","259200","Tue Dec 12 13:32:43 PST 2023","","","3IRIK4HM3BPHV76LA8VGOIYJKITC6H","A28HB7240OFGEW","Submitted","Tue Dec 05 13:38:37 PST 2023","Tue Dec 05 14:01:14 PST 2023","Fri Dec 08 14:01:14 PST 2023","","","","1357","100% (578/578)","0% (0/0)","0% (0/0)","2.0.0","VQA","https://ugrad.cs.jhu.edu/~jgualla1/COCO_train2014_000000131208.jpg","(1, 7)","","to be on the bed","being on the bed","clothes on the bed","{""argument_phrase"": ""clothes on the bed"", ""full_argument_label"": ""nsubj"", ""sentence"": ""<span class=\\\""argument\\\""class=\\\""nsubj\\\"">clothes on the bed</span><span class=\\\""predicate\\\"">are on the bed</span>""}","it-happened","1","true","no","1","true","no","1","true","no","1","true","yes","1","true","yes","5","true","yes","5","true","yes","5","true","yes","1","true","no","1","true","no","2","true","yes","awareness instigation change_of_location existed_before existed_during existed_after was_for_benefit volition can_be_dynamic change_of_state sentient is_dynamic change_of_possession partitive was_used","3","1","true","no","Submit","1","true","no","1","true","no","4","true","yes"
"3WGCNLZJKFDU6TD8EW99O9U03TO1DF","3ZY5FK1Q9GTNBHW1XI2KYSLID9R8OH","Annotating semantic properties of different sentences","Decide what properties different sentences have","semantic properties","$0.80","Tue Dec 05 13:32:43 PST 2023","3","BatchId:5164553;OriginalHitTemplateId:928390828;","10800","259200","Tue Dec 12 13:32:43 PST 2023","","","3W2LOLRXLCKS0OGTU9FCNW2NLEFRK6","ACKG8OU1KHKO2","Submitted","Tue Dec 05 13:33:20 PST 2023","Tue Dec 05 14:03:27 PST 2023","Fri Dec 08 14:03:27 PST 2023","","","","1807","100% (150/150)","100% (1/1)","100% (1/1)","2.0.0","VQA","https://ugrad.cs.jhu.edu/~jgualla1/COCO_train2014_000000131208.jpg","(1, 7)","","to be on the bed","being on the bed","clothes on the bed","{""argument_phrase"": ""clothes on the bed"", ""full_argument_label"": ""nsubj"", ""sentence"": ""<span class=\\\""argument\\\""class=\\\""nsubj\\\"">clothes on the bed</span><span class=\\\""predicate\\\"">are on the bed</span>""}","it-happened","1","true","yes","4","true","yes","1","true","yes","1","true","yes","4","true","yes","5","true","yes","5","true","yes","5","true","yes","1","true","yes","4","true","yes","4","true","yes","change_of_location change_of_state instigation is_dynamic can_be_dynamic volition change_of_possession awareness was_for_benefit sentient was_used partitive existed_before existed_during existed_after","5","1","true","yes","Submit","1","true","yes","4","true","yes","3","true","yes"
"3WGCNLZJKFDU6TD8EW99O9U03TO1DF","3ZY5FK1Q9GTNBHW1XI2KYSLID9R8OH","Annotating semantic properties of different sentences","Decide what properties different sentences have","semantic properties","$0.80","Tue Dec 05 13:32:43 PST 2023","3","BatchId:5164553;OriginalHitTemplateId:928390828;","10800","259200","Tue Dec 12 13:32:43 PST 2023","","","3S3AMIZX3VAGGGL0KV3UUO8B14HCDA","A17TKHT8FEVH0R","Submitted","Tue Dec 05 14:07:32 PST 2023","Tue Dec 05 14:09:42 PST 2023","Fri Dec 08 14:09:42 PST 2023","","","","130","93% (37/40)","0% (0/0)","0% (0/0)","2.0.0","VQA","https://ugrad.cs.jhu.edu/~jgualla1/COCO_train2014_000000131208.jpg","(1, 7)","","to be on the bed","being on the bed","clothes on the bed","{""argument_phrase"": ""clothes on the bed"", ""full_argument_label"": ""nsubj"", ""sentence"": ""<span class=\\\""argument\\\""class=\\\""nsubj\\\"">clothes on the bed</span><span class=\\\""predicate\\\"">are on the bed</span>""}","it-happened","1","true","yes","1","true","yes","2","true","yes","2","true","yes","2","true","yes","5","true","yes","5","true","yes","5","true","yes","1","true","yes","1","true","yes","1","true","yes","change_of_state change_of_location was_for_benefit sentient volition partitive instigation was_used can_be_dynamic change_of_possession existed_before existed_during existed_after awareness is_dynamic","2","1","true","yes","Submit","1","true","yes","1","true","yes","5","true","yes"
"3CRWSLD91K9I6FQMXR6NJVU25IPOM6","3ZY5FK1Q9GTNBHW1XI2KYSLID9R8OH","Annotating semantic properties of different sentences","Decide what properties different sentences have","semantic properties","$0.80","Tue Dec 05 13:32:44 PST 2023","3","BatchId:5164553;OriginalHitTemplateId:928390828;","10800","259200","Tue Dec 12 13:32:44 PST 2023","","","386CSBG1O0RLP8G4FQWB8NN0OXV6QH","A17TKHT8FEVH0R","Submitted","Tue Dec 05 14:02:08 PST 2023","Tue Dec 05 14:03:58 PST 2023","Fri Dec 08 14:03:58 PST 2023","","","","110","93% (37/40)","0% (0/0)","0% (0/0)","2.0.0","VQA","https://ugrad.cs.jhu.edu/~jgualla1/COCO_train2014_000000524486.jpg","(2, 3)","","to cook","cooking","The man","{""argument_phrase"": ""The man"", ""full_argument_label"": ""nsubj"", ""sentence"": ""<span class=\\\""argument\\\""class=\\\""nsubj\\\"">The man</span><span class=\\\""predicate\\\"">is cooking</span>""}","it-happened","5","true","yes","4","true","yes","2","true","yes","2","true","yes","2","true","yes","4","true","yes","5","true","yes","5","true","yes","5","true","yes","4","true","yes","4","true","yes","awareness change_of_state sentient partitive can_be_dynamic change_of_location instigation was_for_benefit change_of_possession was_used volition is_dynamic existed_before existed_during existed_after","5","5","true","yes","Submit","4","true","yes","4","true","yes","5","true","yes"
"3CRWSLD91K9I6FQMXR6NJVU25IPOM6","3ZY5FK1Q9GTNBHW1XI2KYSLID9R8OH","Annotating semantic properties of different sentences","Decide what properties different sentences have","semantic properties","$0.80","Tue Dec 05 13:32:44 PST 2023","3","BatchId:5164553;OriginalHitTemplateId:928390828;","10800","259200","Tue Dec 12 13:32:44 PST 2023","","","3TVRFO09GLKNHQKNO8X5RE1QBV5XLB","A28HB7240OFGEW","Submitted","Tue Dec 05 13:39:43 PST 2023","Tue Dec 05 14:04:19 PST 2023","Fri Dec 08 14:04:19 PST 2023","","","","1476","100% (578/578)","0% (0/0)","0% (0/0)","2.0.0","VQA","https://ugrad.cs.jhu.edu/~jgualla1/COCO_train2014_000000524486.jpg","(2, 3)","","to cook","cooking","The man","{""argument_phrase"": ""The man"", ""full_argument_label"": ""nsubj"", ""sentence"": ""<span class=\\\""argument\\\""class=\\\""nsubj\\\"">The man</span><span class=\\\""predicate\\\"">is cooking</span>""}","it-happened","5","true","yes","5","true","yes","2","true","yes","1","true","no","4","true","yes","5","true","yes","5","true","yes","5","true","yes","5","true","yes","5","true","yes","2","true","yes","is_dynamic change_of_state sentient can_be_dynamic was_used change_of_possession awareness existed_before existed_during existed_after was_for_benefit instigation change_of_location volition partitive","5","5","true","yes","Submit","5","true","yes","5","true","yes","4","true","yes"
"3CRWSLD91K9I6FQMXR6NJVU25IPOM6","3ZY5FK1Q9GTNBHW1XI2KYSLID9R8OH","Annotating semantic properties of different sentences","Decide what properties different sentences have","semantic properties","$0.80","Tue Dec 05 13:32:44 PST 2023","3","BatchId:5164553;OriginalHitTemplateId:928390828;","10800","259200","Tue Dec 12 13:32:44 PST 2023","","","3LKC68YZ3B8GYBIURVHBHCRDXY4WOY","ACKG8OU1KHKO2","Submitted","Tue Dec 05 13:33:43 PST 2023","Tue Dec 05 14:22:50 PST 2023","Fri Dec 08 14:22:50 PST 2023","","","","2947","100% (150/150)","100% (1/1)","100% (1/1)","2.0.0","VQA","https://ugrad.cs.jhu.edu/~jgualla1/COCO_train2014_000000524486.jpg","(2, 3)","","to cook","cooking","The man","{""argument_phrase"": ""The man"", ""full_argument_label"": ""nsubj"", ""sentence"": ""<span class=\\\""argument\\\""class=\\\""nsubj\\\"">The man</span><span class=\\\""predicate\\\"">is cooking</span>""}","it-happened","4","true","yes","5","true","yes","1","true","yes","1","true","yes","4","true","yes","1","true","yes","1","true","yes","4","true","yes","2","true","yes","5","true","yes","1","true","yes","change_of_possession is_dynamic sentient was_for_benefit instigation was_used existed_before existed_during existed_after volition change_of_state can_be_dynamic awareness partitive change_of_location","5","4","true","yes","Submit","4","true","yes","4","true","yes","4","true","yes"
"3W0KKJIARREKVZ335Y4B7WCY18R8KJ","3ZY5FK1Q9GTNBHW1XI2KYSLID9R8OH","Annotating semantic properties of different sentences","Decide what properties different sentences have","semantic properties","$0.80","Tue Dec 05 13:32:44 PST 2023","3","BatchId:5164553;OriginalHitTemplateId:928390828;","10800","259200","Tue Dec 12 13:32:44 PST 2023","","","39DD6S19JQGYGFAA84YMB4RHAY3EZ3","A28HB7240OFGEW","Submitted","Tue Dec 05 13:39:44 PST 2023","Tue Dec 05 14:05:04 PST 2023","Fri Dec 08 14:05:04 PST 2023","","","","1520","100% (578/578)","0% (0/0)","0% (0/0)","2.0.0","VQA","https://ugrad.cs.jhu.edu/~jgualla1/COCO_train2014_000000000036.jpg","(2, 5)","","to hold","holding","The girl","{""argument_phrase"": ""The girl"", ""full_argument_label"": ""nsubj"", ""sentence"": ""<span class=\\\""argument\\\""class=\\\""nsubj\\\"">The girl</span><span class=\\\""predicate\\\"">is holding an umbrella</span>""}","it-happened","5","true","yes","5","true","yes","4","true","yes","1","true","no","2","true","yes","5","true","yes","5","true","yes","5","true","yes","5","true","yes","5","true","yes","5","true","yes","can_be_dynamic is_dynamic change_of_possession volition change_of_state change_of_location was_for_benefit instigation sentient existed_before existed_during existed_after partitive awareness was_used","5","5","true","yes","Submit","5","true","yes","5","true","yes","4","true","yes"
"3W0KKJIARREKVZ335Y4B7WCY18R8KJ","3ZY5FK1Q9GTNBHW1XI2KYSLID9R8OH","Annotating semantic properties of different sentences","Decide what properties different sentences have","semantic properties","$0.80","Tue Dec 05 13:32:44 PST 2023","3","BatchId:5164553;OriginalHitTemplateId:928390828;","10800","259200","Tue Dec 12 13:32:44 PST 2023","","","3Q8GYXHFEQ7LC3675PLBWCKJONJ5CV","A17TKHT8FEVH0R","Submitted","Tue Dec 05 14:10:01 PST 2023","Tue Dec 05 14:14:38 PST 2023","Fri Dec 08 14:14:38 PST 2023","","","","277","93% (37/40)","0% (0/0)","0% (0/0)","2.0.0","VQA","https://ugrad.cs.jhu.edu/~jgualla1/COCO_train2014_000000000036.jpg","(2, 5)","","to hold","holding","The girl","{""argument_phrase"": ""The girl"", ""full_argument_label"": ""nsubj"", ""sentence"": ""<span class=\\\""argument\\\""class=\\\""nsubj\\\"">The girl</span><span class=\\\""predicate\\\"">is holding an umbrella</span>""}","it-happened","5","true","yes","4","true","yes","4","true","yes","1","true","yes","2","true","yes","5","true","yes","5","true","yes","5","true","yes","5","true","yes","4","true","yes","4","true","yes","change_of_possession sentient instigation change_of_location change_of_state volition can_be_dynamic existed_before existed_during existed_after is_dynamic awareness was_used partitive was_for_benefit","5","5","true","yes","Submit","4","true","yes","4","true","yes","4","true","yes"
"3W0KKJIARREKVZ335Y4B7WCY18R8KJ","3ZY5FK1Q9GTNBHW1XI2KYSLID9R8OH","Annotating semantic properties of different sentences","Decide what properties different sentences have","semantic properties","$0.80","Tue Dec 05 13:32:44 PST 2023","3","BatchId:5164553;OriginalHitTemplateId:928390828;","10800","259200","Tue Dec 12 13:32:44 PST 2023","","","34MAJL3QP5SF3K6OYRR0YHABIEA43Q","ACKG8OU1KHKO2","Submitted","Tue Dec 05 13:34:01 PST 2023","Tue Dec 05 14:48:18 PST 2023","Fri Dec 08 14:48:18 PST 2023","","","","4457","100% (150/150)","100% (1/1)","100% (1/1)","2.0.0","VQA","https://ugrad.cs.jhu.edu/~jgualla1/COCO_train2014_000000000036.jpg","(2, 5)","","to hold","holding","The girl","{""argument_phrase"": ""The girl"", ""full_argument_label"": ""nsubj"", ""sentence"": ""<span class=\\\""argument\\\""class=\\\""nsubj\\\"">The girl</span><span class=\\\""predicate\\\"">is holding an umbrella</span>""}","it-happened","5","true","yes","5","true","yes","2","true","yes","2","true","yes","5","true","yes","1","true","yes","1","true","yes","5","true","yes","4","true","yes","5","true","yes","2","true","yes","change_of_location can_be_dynamic partitive volition existed_before existed_during existed_after awareness was_for_benefit is_dynamic change_of_state was_used sentient change_of_possession instigation","5","5","true","yes","Submit","4","true","yes","2","true","yes","5","true","yes"
"341H3G5YF0JX25XMAVU61WUTMJRZ08","3ZY5FK1Q9GTNBHW1XI2KYSLID9R8OH","Annotating semantic properties of different sentences","Decide what properties different sentences have","semantic properties","$0.80","Tue Dec 05 13:32:44 PST 2023","3","BatchId:5164553;OriginalHitTemplateId:928390828;","10800","259200","Tue Dec 12 13:32:44 PST 2023","","","34T446B1C1JMHWK68JFZFHOS7F70C4","A28HB7240OFGEW","Submitted","Tue Dec 05 13:37:20 PST 2023","Tue Dec 05 13:48:32 PST 2023","Fri Dec 08 13:48:32 PST 2023","","","","672","100% (578/578)","0% (0/0)","0% (0/0)","2.0.0","VQA","https://ugrad.cs.jhu.edu/~jgualla1/COCO_train2014_000000039288.jpg","(1, 8)","","to like","liking","Someone","{""argument_phrase"": ""Someone"", ""full_argument_label"": ""nsubj"", ""sentence"": ""<span class=\\\""argument\\\""class=\\\""nsubj\\\"">Someone</span><span class=\\\""predicate\\\"">would not like the fruit at the front</span>""}","it-happened","5","true","yes","4","true","yes","3","true","yes","1","true","no","3","true","yes","5","true","yes","5","true","yes","5","true","yes","5","true","yes","5","true","yes","5","true","yes","sentient existed_before existed_during existed_after awareness was_used change_of_possession partitive was_for_benefit is_dynamic change_of_state change_of_location volition can_be_dynamic instigation","5","5","true","yes","Submit","4","true","yes","4","true","yes","4","true","yes"
"341H3G5YF0JX25XMAVU61WUTMJRZ08","3ZY5FK1Q9GTNBHW1XI2KYSLID9R8OH","Annotating semantic properties of different sentences","Decide what properties different sentences have","semantic properties","$0.80","Tue Dec 05 13:32:44 PST 2023","3","BatchId:5164553;OriginalHitTemplateId:928390828;","10800","259200","Tue Dec 12 13:32:44 PST 2023","","","3RYC5T2D74YTBFD971KKJDOMFOLRP7","ACKG8OU1KHKO2","Submitted","Tue Dec 05 13:34:03 PST 2023","Tue Dec 05 14:52:00 PST 2023","Fri Dec 08 14:52:00 PST 2023","","","","4677","100% (150/150)","100% (1/1)","100% (1/1)","2.0.0","VQA","https://ugrad.cs.jhu.edu/~jgualla1/COCO_train2014_000000039288.jpg","(1, 8)","","to like","liking","Someone","{""argument_phrase"": ""Someone"", ""full_argument_label"": ""nsubj"", ""sentence"": ""<span class=\\\""argument\\\""class=\\\""nsubj\\\"">Someone</span><span class=\\\""predicate\\\"">would not like the fruit at the front</span>""}","it-happened","5","true","yes","5","true","yes","1","true","yes","2","true","yes","2","true","yes","4","true","yes","5","true","yes","5","true","yes","1","true","yes","1","true","yes","4","true","yes","volition awareness sentient was_for_benefit partitive change_of_state was_used is_dynamic change_of_location change_of_possession can_be_dynamic existed_before existed_during existed_after instigation","4","4","true","yes","Submit","1","true","yes","3","true","yes","5","true","yes"
"341H3G5YF0JX25XMAVU61WUTMJRZ08","3ZY5FK1Q9GTNBHW1XI2KYSLID9R8OH","Annotating semantic properties of different sentences","Decide what properties different sentences have","semantic properties","$0.80","Tue Dec 05 13:32:44 PST 2023","3","BatchId:5164553;OriginalHitTemplateId:928390828;","10800","259200","Tue Dec 12 13:32:44 PST 2023","","","34T446B1C1JMHWK68JFZFHOS7FH0CE","A3UV55HC87DO9C","Submitted","Tue Dec 05 16:41:24 PST 2023","Tue Dec 05 18:12:33 PST 2023","Fri Dec 08 18:12:33 PST 2023","","","","5469","100% (1572/1572)","100% (1/1)","100% (1/1)","2.0.0","VQA","https://ugrad.cs.jhu.edu/~jgualla1/COCO_train2014_000000039288.jpg","(1, 8)","","to like","liking","Someone","{""argument_phrase"": ""Someone"", ""full_argument_label"": ""nsubj"", ""sentence"": ""<span class=\\\""argument\\\""class=\\\""nsubj\\\"">Someone</span><span class=\\\""predicate\\\"">would not like the fruit at the front</span>""}","it-happened","4","true","yes","4","true","yes","4","true","yes","2","true","no","2","true","yes","5","true","yes","5","true","yes","5","true","yes","4","true","yes","4","true","yes","2","true","yes","change_of_possession change_of_location volition can_be_dynamic sentient existed_before existed_during existed_after was_for_benefit partitive was_used instigation awareness is_dynamic change_of_state","5","5","true","yes","Submit","4","true","yes","1","true","yes","4","true","yes"
"36FQTHX3Z3WX1ZT3N4WMHCLXYSQ3B2","3ZY5FK1Q9GTNBHW1XI2KYSLID9R8OH","Annotating semantic properties of different sentences","Decide what properties different sentences have","semantic properties","$0.80","Tue Dec 05 13:32:44 PST 2023","3","BatchId:5164553;OriginalHitTemplateId:928390828;","10800","259200","Tue Dec 12 13:32:44 PST 2023","","","39L1G8WVWRWYBL95B98Y0J386U013A","ACKG8OU1KHKO2","Submitted","Tue Dec 05 13:33:07 PST 2023","Tue Dec 05 13:40:06 PST 2023","Fri Dec 08 13:40:06 PST 2023","","","","419","100% (150/150)","100% (1/1)","100% (1/1)","2.0.0","VQA","https://ugrad.cs.jhu.edu/~jgualla1/COCO_train2014_000000524520.jpg","(3, 4)","","to be on","being on","The top light","{""argument_phrase"": ""The top light"", ""full_argument_label"": ""nsubj"", ""sentence"": ""<span class=\\\""argument\\\""class=\\\""nsubj\\\"">The top light</span><span class=\\\""predicate\\\"">is on</span>""}","it-happened","3","true","yes","4","true","yes","1","true","yes","1","true","yes","4","true","yes","5","true","yes","5","true","yes","5","true","yes","2","true","yes","4","true","yes","1","true","yes","change_of_possession change_of_location awareness can_be_dynamic existed_before existed_during existed_after partitive sentient was_used is_dynamic change_of_state instigation was_for_benefit volition","5","3","true","yes","Submit","3","true","yes","2","true","yes","3","true","yes"
"36FQTHX3Z3WX1ZT3N4WMHCLXYSQ3B2","3ZY5FK1Q9GTNBHW1XI2KYSLID9R8OH","Annotating semantic properties of different sentences","Decide what properties different sentences have","semantic properties","$0.80","Tue Dec 05 13:32:44 PST 2023","3","BatchId:5164553;OriginalHitTemplateId:928390828;","10800","259200","Tue Dec 12 13:32:44 PST 2023","","","37Q970SNZFD2V2UK1O9Z8RBKYAZ1S2","A28HB7240OFGEW","Submitted","Tue Dec 05 13:36:31 PST 2023","Tue Dec 05 13:46:33 PST 2023","Fri Dec 08 13:46:33 PST 2023","","","","602","100% (578/578)","0% (0/0)","0% (0/0)","2.0.0","VQA","https://ugrad.cs.jhu.edu/~jgualla1/COCO_train2014_000000524520.jpg","(3, 4)","","to be on","being on","The top light","{""argument_phrase"": ""The top light"", ""full_argument_label"": ""nsubj"", ""sentence"": ""<span class=\\\""argument\\\""class=\\\""nsubj\\\"">The top light</span><span class=\\\""predicate\\\"">is on</span>""}","it-happened","5","true","yes","4","true","yes","1","true","yes","1","true","no","1","true","yes","5","true","yes","5","true","yes","5","true","yes","4","true","yes","4","true","yes","1","true","yes","existed_before existed_during existed_after can_be_dynamic is_dynamic change_of_location change_of_possession change_of_state was_used awareness volition sentient partitive instigation was_for_benefit","5","1","true","no","Submit","1","true","no","1","true","no","5","true","yes"
"36FQTHX3Z3WX1ZT3N4WMHCLXYSQ3B2","3ZY5FK1Q9GTNBHW1XI2KYSLID9R8OH","Annotating semantic properties of different sentences","Decide what properties different sentences have","semantic properties","$0.80","Tue Dec 05 13:32:44 PST 2023","3","BatchId:5164553;OriginalHitTemplateId:928390828;","10800","259200","Tue Dec 12 13:32:44 PST 2023","","","336KAV9KYRX6G9OPJY12VW9Q71A2YZ","A3UV55HC87DO9C","Submitted","Tue Dec 05 14:12:56 PST 2023","Tue Dec 05 16:08:12 PST 2023","Fri Dec 08 16:08:12 PST 2023","","","","6916","100% (1572/1572)","100% (1/1)","100% (1/1)","2.0.0","VQA","https://ugrad.cs.jhu.edu/~jgualla1/COCO_train2014_000000524520.jpg","(3, 4)","","to be on","being on","The top light","{""argument_phrase"": ""The top light"", ""full_argument_label"": ""nsubj"", ""sentence"": ""<span class=\\\""argument\\\""class=\\\""nsubj\\\"">The top light</span><span class=\\\""predicate\\\"">is on</span>""}","it-happened","2","true","yes","2","true","yes","1","true","yes","1","true","no","2","true","yes","5","true","yes","5","true","yes","5","true","yes","2","true","no","2","true","yes","2","true","no","volition existed_before existed_during existed_after change_of_location was_for_benefit was_used instigation can_be_dynamic sentient partitive change_of_state is_dynamic awareness change_of_possession","5","1","true","yes","Submit","1","true","yes","1","true","yes","5","true","yes"
"33N1S8XHHMQX9UI46EY6F1D3RBXZ1B","3ZY5FK1Q9GTNBHW1XI2KYSLID9R8OH","Annotating semantic properties of different sentences","Decide what properties different sentences have","semantic properties","$0.80","Tue Dec 05 13:32:44 PST 2023","3","BatchId:5164553;OriginalHitTemplateId:928390828;","10800","259200","Tue Dec 12 13:32:44 PST 2023","","","3YDTZAI2WYLJTHS9BNDHAOVEKUX14W","A17TKHT8FEVH0R","Submitted","Tue Dec 05 13:59:02 PST 2023","Tue Dec 05 14:00:59 PST 2023","Fri Dec 08 14:00:59 PST 2023","","","","117","93% (37/40)","0% (0/0)","0% (0/0)","2.0.0","VQA","https://ugrad.cs.jhu.edu/~jgualla1/COCO_train2014_000000524547.jpg","(2, 4)","","to be in mid-air","being in mid-air","The man","{""argument_phrase"": ""The man"", ""full_argument_label"": ""nsubj"", ""sentence"": ""<span class=\\\""argument\\\""class=\\\""nsubj\\\"">The man</span><span class=\\\""predicate\\\"">is in mid-air</span>""}","it-happened","5","true","yes","5","true","yes","3","true","yes","2","true","no","2","true","no","4","true","yes","5","true","yes","5","true","yes","5","true","yes","4","true","yes","1","true","yes","instigation awareness volition partitive change_of_possession was_used sentient change_of_state existed_before existed_during existed_after is_dynamic can_be_dynamic change_of_location was_for_benefit","5","5","true","yes","Submit","5","true","yes","4","true","yes","5","true","yes"
"33N1S8XHHMQX9UI46EY6F1D3RBXZ1B","3ZY5FK1Q9GTNBHW1XI2KYSLID9R8OH","Annotating semantic properties of different sentences","Decide what properties different sentences have","semantic properties","$0.80","Tue Dec 05 13:32:44 PST 2023","3","BatchId:5164553;OriginalHitTemplateId:928390828;","10800","259200","Tue Dec 12 13:32:44 PST 2023","","","33TIN5LC05FHGT9O47GH5JH4D7J9YX","A28HB7240OFGEW","Submitted","Tue Dec 05 13:38:47 PST 2023","Tue Dec 05 14:01:54 PST 2023","Fri Dec 08 14:01:54 PST 2023","","","","1387","100% (578/578)","0% (0/0)","0% (0/0)","2.0.0","VQA","https://ugrad.cs.jhu.edu/~jgualla1/COCO_train2014_000000524547.jpg","(2, 4)","","to be in mid-air","being in mid-air","The man","{""argument_phrase"": ""The man"", ""full_argument_label"": ""nsubj"", ""sentence"": ""<span class=\\\""argument\\\""class=\\\""nsubj\\\"">The man</span><span class=\\\""predicate\\\"">is in mid-air</span>""}","it-happened","5","true","yes","5","true","yes","5","true","yes","1","true","no","4","true","yes","5","true","yes","5","true","yes","5","true","yes","5","true","yes","5","true","yes","5","true","yes","awareness can_be_dynamic was_for_benefit instigation sentient partitive is_dynamic change_of_location existed_before existed_during existed_after change_of_possession change_of_state was_used volition","5","5","true","yes","Submit","5","true","yes","5","true","yes","5","true","yes"
"33N1S8XHHMQX9UI46EY6F1D3RBXZ1B","3ZY5FK1Q9GTNBHW1XI2KYSLID9R8OH","Annotating semantic properties of different sentences","Decide what properties different sentences have","semantic properties","$0.80","Tue Dec 05 13:32:44 PST 2023","3","BatchId:5164553;OriginalHitTemplateId:928390828;","10800","259200","Tue Dec 12 13:32:44 PST 2023","","","3U0SRXB7CEAT8U1WRM7SFOJRF9KRNB","ACKG8OU1KHKO2","Submitted","Tue Dec 05 13:33:32 PST 2023","Tue Dec 05 14:13:49 PST 2023","Fri Dec 08 14:13:49 PST 2023","","","","2417","100% (150/150)","100% (1/1)","100% (1/1)","2.0.0","VQA","https://ugrad.cs.jhu.edu/~jgualla1/COCO_train2014_000000524547.jpg","(2, 4)","","to be in mid-air","being in mid-air","The man","{""argument_phrase"": ""The man"", ""full_argument_label"": ""nsubj"", ""sentence"": ""<span class=\\\""argument\\\""class=\\\""nsubj\\\"">The man</span><span class=\\\""predicate\\\"">is in mid-air</span>""}","it-happened","4","true","yes","4","true","yes","4","true","yes","1","true","yes","4","true","yes","1","true","yes","1","true","yes","5","true","yes","1","true","yes","5","true","yes","5","true","yes","change_of_state was_used awareness change_of_possession is_dynamic change_of_location can_be_dynamic existed_before existed_during existed_after partitive instigation sentient was_for_benefit volition","5","4","true","yes","Submit","4","true","yes","2","true","yes","1","true","yes"
"3K2CEDRACB6YJ7VUT8SMD50P4Q6TMX","3ZY5FK1Q9GTNBHW1XI2KYSLID9R8OH","Annotating semantic properties of different sentences","Decide what properties different sentences have","semantic properties","$0.80","Tue Dec 05 13:32:44 PST 2023","3","BatchId:5164553;OriginalHitTemplateId:928390828;","10800","259200","Tue Dec 12 13:32:44 PST 2023","","","3X4JMASXCNE37RS0UJJ44XIAPU70BX","A28HB7240OFGEW","Submitted","Tue Dec 05 13:37:08 PST 2023","Tue Dec 05 13:42:07 PST 2023","Fri Dec 08 13:42:07 PST 2023","","","","299","100% (578/578)","0% (0/0)","0% (0/0)","2.0.0","VQA","https://ugrad.cs.jhu.edu/~jgualla1/COCO_train2014_000000000061.jpg","(2, 5)","","to be on","being on","The people","{""argument_phrase"": ""The people"", ""full_argument_label"": ""nsubj"", ""sentence"": ""<span class=\\\""argument\\\""class=\\\""nsubj\\\"">The people</span><span class=\\\""predicate\\\"">are on the elephants</span>""}","it-happened","5","true","yes","5","true","yes","5","true","yes","1","true","no","2","true","yes","5","true","yes","5","true","yes","5","true","yes","5","true","yes","5","true","yes","1","true","yes","change_of_state partitive existed_before existed_during existed_after instigation was_used can_be_dynamic change_of_location volition sentient is_dynamic awareness change_of_possession was_for_benefit","5","5","true","yes","Submit","5","true","yes","5","true","yes","5","true","yes"
"3K2CEDRACB6YJ7VUT8SMD50P4Q6TMX","3ZY5FK1Q9GTNBHW1XI2KYSLID9R8OH","Annotating semantic properties of different sentences","Decide what properties different sentences have","semantic properties","$0.80","Tue Dec 05 13:32:44 PST 2023","3","BatchId:5164553;OriginalHitTemplateId:928390828;","10800","259200","Tue Dec 12 13:32:44 PST 2023","","","3VELCLL3GLOTRXPYV4901SS59K6F1Y","A17TKHT8FEVH0R","Submitted","Tue Dec 05 14:10:10 PST 2023","Tue Dec 05 14:15:53 PST 2023","Fri Dec 08 14:15:53 PST 2023","","","","343","93% (37/40)","0% (0/0)","0% (0/0)","2.0.0","VQA","https://ugrad.cs.jhu.edu/~jgualla1/COCO_train2014_000000000061.jpg","(2, 5)","","to be on","being on","The people","{""argument_phrase"": ""The people"", ""full_argument_label"": ""nsubj"", ""sentence"": ""<span class=\\\""argument\\\""class=\\\""nsubj\\\"">The people</span><span class=\\\""predicate\\\"">are on the elephants</span>""}","it-happened","5","true","yes","4","true","yes","4","true","yes","2","true","yes","2","true","yes","3","true","yes","5","true","yes","4","true","yes","5","true","yes","3","true","yes","1","true","yes","instigation partitive is_dynamic sentient awareness volition change_of_location was_for_benefit can_be_dynamic change_of_possession existed_before existed_during existed_after change_of_state was_used","5","4","true","yes","Submit","4","true","yes","4","true","yes","4","true","yes"
"3K2CEDRACB6YJ7VUT8SMD50P4Q6TMX","3ZY5FK1Q9GTNBHW1XI2KYSLID9R8OH","Annotating semantic properties of different sentences","Decide what properties different sentences have","semantic properties","$0.80","Tue Dec 05 13:32:44 PST 2023","3","BatchId:5164553;OriginalHitTemplateId:928390828;","10800","259200","Tue Dec 12 13:32:44 PST 2023","","","3PJ71Z61R57KQNYLSI98RW6U6MA19R","ACKG8OU1KHKO2","Submitted","Tue Dec 05 13:33:51 PST 2023","Tue Dec 05 14:29:56 PST 2023","Fri Dec 08 14:29:56 PST 2023","","","","3365","100% (150/150)","100% (1/1)","100% (1/1)","2.0.0","VQA","https://ugrad.cs.jhu.edu/~jgualla1/COCO_train2014_000000000061.jpg","(2, 5)","","to be on","being on","The people","{""argument_phrase"": ""The people"", ""full_argument_label"": ""nsubj"", ""sentence"": ""<span class=\\\""argument\\\""class=\\\""nsubj\\\"">The people</span><span class=\\\""predicate\\\"">are on the elephants</span>""}","it-happened","5","true","yes","4","true","yes","5","true","yes","2","true","yes","5","true","yes","4","true","yes","4","true","yes","5","true","yes","2","true","yes","4","true","yes","4","true","yes","awareness can_be_dynamic sentient instigation existed_before existed_during existed_after was_for_benefit is_dynamic change_of_possession partitive change_of_location change_of_state volition was_used","4","5","true","yes","Submit","4","true","yes","1","true","yes","1","true","yes"
"33BFF6QPI1GPP2REIVSI4QYI8T7W3A","3ZY5FK1Q9GTNBHW1XI2KYSLID9R8OH","Annotating semantic properties of different sentences","Decide what properties different sentences have","semantic properties","$0.80","Tue Dec 05 13:32:44 PST 2023","3","BatchId:5164553;OriginalHitTemplateId:928390828;","10800","259200","Tue Dec 12 13:32:44 PST 2023","","","3IOEN3P9S8OX84WNUB6W7MFSGL216G","ACKG8OU1KHKO2","Submitted","Tue Dec 05 13:33:08 PST 2023","Tue Dec 05 13:43:32 PST 2023","Fri Dec 08 13:43:32 PST 2023","","","","624","100% (150/150)","100% (1/1)","100% (1/1)","2.0.0","VQA","https://ugrad.cs.jhu.edu/~jgualla1/COCO_train2014_000000524661.jpg","(4, 5)","","to be brown","being brown","Some of the leaves","{""argument_phrase"": ""Some of the leaves"", ""full_argument_label"": ""nsubj"", ""sentence"": ""<span class=\\\""argument\\\""class=\\\""nsubj\\\"">Some of the leaves</span><span class=\\\""predicate\\\"">are brown</span>""}","it-happened","3","true","no","2","true","no","1","true","no","1","true","no","4","true","yes","4","true","yes","4","true","yes","4","true","yes","1","true","no","2","true","no","1","true","no","sentient instigation change_of_state was_used can_be_dynamic existed_before existed_during existed_after volition change_of_location partitive is_dynamic was_for_benefit awareness change_of_possession","5","1","true","no","Submit","1","true","no","1","true","no","1","true","no"
"33BFF6QPI1GPP2REIVSI4QYI8T7W3A","3ZY5FK1Q9GTNBHW1XI2KYSLID9R8OH","Annotating semantic properties of different sentences","Decide what properties different sentences have","semantic properties","$0.80","Tue Dec 05 13:32:44 PST 2023","3","BatchId:5164553;OriginalHitTemplateId:928390828;","10800","259200","Tue Dec 12 13:32:44 PST 2023","","","3SB4CE2TJW06L7TJRH8FI0LFHJ6XAT","A28HB7240OFGEW","Submitted","Tue Dec 05 13:37:56 PST 2023","Tue Dec 05 13:56:05 PST 2023","Fri Dec 08 13:56:05 PST 2023","","","","1089","100% (578/578)","0% (0/0)","0% (0/0)","2.0.0","VQA","https://ugrad.cs.jhu.edu/~jgualla1/COCO_train2014_000000524661.jpg","(4, 5)","","to be brown","being brown","Some of the leaves","{""argument_phrase"": ""Some of the leaves"", ""full_argument_label"": ""nsubj"", ""sentence"": ""<span class=\\\""argument\\\""class=\\\""nsubj\\\"">Some of the leaves</span><span class=\\\""predicate\\\"">are brown</span>""}","it-happened","1","true","no","4","true","yes","5","true","yes","1","true","no","4","true","yes","2","true","yes","5","true","yes","5","true","yes","4","true","yes","4","true","yes","4","true","yes","sentient volition existed_before existed_during existed_after was_for_benefit awareness was_used change_of_state is_dynamic can_be_dynamic partitive change_of_location instigation change_of_possession","5","1","true","no","Submit","1","true","no","2","true","yes","4","true","yes"
"33BFF6QPI1GPP2REIVSI4QYI8T7W3A","3ZY5FK1Q9GTNBHW1XI2KYSLID9R8OH","Annotating semantic properties of different sentences","Decide what properties different sentences have","semantic properties","$0.80","Tue Dec 05 13:32:44 PST 2023","3","BatchId:5164553;OriginalHitTemplateId:928390828;","10800","259200","Tue Dec 12 13:32:44 PST 2023","","","3M81GAB8A1ORVKXZBHDJJ39S2YEQBU","A3UV55HC87DO9C","Submitted","Tue Dec 05 16:41:29 PST 2023","Tue Dec 05 18:16:42 PST 2023","Fri Dec 08 18:16:42 PST 2023","","","","5713","100% (1572/1572)","100% (1/1)","100% (1/1)","2.0.0","VQA","https://ugrad.cs.jhu.edu/~jgualla1/COCO_train2014_000000524661.jpg","(4, 5)","","to be brown","being brown","Some of the leaves","{""argument_phrase"": ""Some of the leaves"", ""full_argument_label"": ""nsubj"", ""sentence"": ""<span class=\\\""argument\\\""class=\\\""nsubj\\\"">Some of the leaves</span><span class=\\\""predicate\\\"">are brown</span>""}","it-happened","1","true","no","1","true","yes","5","true","yes","1","true","no","5","true","yes","4","true","yes","5","true","yes","5","true","yes","2","true","no","1","true","yes","4","true","yes","was_used is_dynamic existed_before existed_during existed_after can_be_dynamic change_of_possession volition change_of_location awareness change_of_state partitive was_for_benefit sentient instigation","5","1","true","yes","Submit","1","true","no","2","true","no","5","true","yes"
"3P7QK0GJ3TQ4YF00PIYKKKN8JHBZ2S","3ZY5FK1Q9GTNBHW1XI2KYSLID9R8OH","Annotating semantic properties of different sentences","Decide what properties different sentences have","semantic properties","$0.80","Tue Dec 05 13:32:44 PST 2023","3","BatchId:5164553;OriginalHitTemplateId:928390828;","10800","259200","Tue Dec 12 13:32:44 PST 2023","","","3PW9OPU9PRP9Q3DM79UTH9YG0G0210","A28HB7240OFGEW","Submitted","Tue Dec 05 13:37:33 PST 2023","Tue Dec 05 13:50:33 PST 2023","Fri Dec 08 13:50:33 PST 2023","","","","780","100% (578/578)","0% (0/0)","0% (0/0)","2.0.0","VQA","https://ugrad.cs.jhu.edu/~jgualla1/COCO_train2014_000000157125.jpg","(2, 6)","","to be on their cell phones","being on their cell phones","These people","{""argument_phrase"": ""These people"", ""full_argument_label"": ""nsubj"", ""sentence"": ""<span class=\\\""argument\\\""class=\\\""nsubj\\\"">These people</span><span class=\\\""predicate\\\"">are on their cell phones</span>""}","it-happened","5","true","yes","5","true","yes","2","true","yes","2","true","no","3","true","yes","5","true","yes","5","true","yes","5","true","yes","5","true","yes","5","true","yes","5","true","yes","awareness existed_before existed_during existed_after was_used partitive was_for_benefit instigation sentient can_be_dynamic change_of_possession is_dynamic change_of_location change_of_state volition","5","5","true","yes","Submit","5","true","yes","5","true","yes","5","true","yes"
"3P7QK0GJ3TQ4YF00PIYKKKN8JHBZ2S","3ZY5FK1Q9GTNBHW1XI2KYSLID9R8OH","Annotating semantic properties of different sentences","Decide what properties different sentences have","semantic properties","$0.80","Tue Dec 05 13:32:44 PST 2023","3","BatchId:5164553;OriginalHitTemplateId:928390828;","10800","259200","Tue Dec 12 13:32:44 PST 2023","","","3YDTZAI2WYLJTHS9BNDHAOVEKUW41Y","ACKG8OU1KHKO2","Submitted","Tue Dec 05 13:33:36 PST 2023","Tue Dec 05 14:15:18 PST 2023","Fri Dec 08 14:15:18 PST 2023","","","","2502","100% (150/150)","100% (1/1)","100% (1/1)","2.0.0","VQA","https://ugrad.cs.jhu.edu/~jgualla1/COCO_train2014_000000157125.jpg","(2, 6)","","to be on their cell phones","being on their cell phones","These people","{""argument_phrase"": ""These people"", ""full_argument_label"": ""nsubj"", ""sentence"": ""<span class=\\\""argument\\\""class=\\\""nsubj\\\"">These people</span><span class=\\\""predicate\\\"">are on their cell phones</span>""}","it-happened","5","true","yes","5","true","yes","4","true","yes","4","true","yes","5","true","yes","4","true","yes","4","true","yes","4","true","yes","4","true","yes","5","true","yes","1","true","yes","is_dynamic was_used volition change_of_state can_be_dynamic instigation change_of_location partitive was_for_benefit awareness existed_before existed_during existed_after sentient change_of_possession","5","5","true","yes","Submit","4","true","yes","5","true","yes","4","true","yes"
"3P7QK0GJ3TQ4YF00PIYKKKN8JHBZ2S","3ZY5FK1Q9GTNBHW1XI2KYSLID9R8OH","Annotating semantic properties of different sentences","Decide what properties different sentences have","semantic properties","$0.80","Tue Dec 05 13:32:44 PST 2023","3","BatchId:5164553;OriginalHitTemplateId:928390828;","10800","259200","Tue Dec 12 13:32:44 PST 2023","","","3AWETUDC93XAWKCW4NODWJP92R9ZIW","A3UV55HC87DO9C","Submitted","Tue Dec 05 13:34:11 PST 2023","Tue Dec 05 14:48:08 PST 2023","Fri Dec 08 14:48:08 PST 2023","","","","4437","100% (1572/1572)","100% (1/1)","100% (1/1)","2.0.0","VQA","https://ugrad.cs.jhu.edu/~jgualla1/COCO_train2014_000000157125.jpg","(2, 6)","","to be on their cell phones","being on their cell phones","These people","{""argument_phrase"": ""These people"", ""full_argument_label"": ""nsubj"", ""sentence"": ""<span class=\\\""argument\\\""class=\\\""nsubj\\\"">These people</span><span class=\\\""predicate\\\"">are on their cell phones</span>""}","it-happened","5","true","yes","5","true","yes","2","true","yes","1","true","yes","2","true","yes","5","true","yes","5","true","yes","5","true","yes","4","true","yes","5","true","yes","5","true","yes","partitive change_of_state awareness change_of_location is_dynamic existed_before existed_during existed_after was_for_benefit was_used change_of_possession sentient volition can_be_dynamic instigation","5","5","true","yes","Submit","4","true","yes","4","true","yes","5","true","yes"
"30IRMPJWDZOQD4IZ47ABYD73R0ERKD","3ZY5FK1Q9GTNBHW1XI2KYSLID9R8OH","Annotating semantic properties of different sentences","Decide what properties different sentences have","semantic properties","$0.80","Tue Dec 05 13:32:44 PST 2023","3","BatchId:5164553;OriginalHitTemplateId:928390828;","10800","259200","Tue Dec 12 13:32:44 PST 2023","","","36NEMU28XGISY8XIEF2YP8282YPWMJ","ACKG8OU1KHKO2","Submitted","Tue Dec 05 13:33:16 PST 2023","Tue Dec 05 13:48:37 PST 2023","Fri Dec 08 13:48:37 PST 2023","","","","921","100% (150/150)","100% (1/1)","100% (1/1)","2.0.0","VQA","https://ugrad.cs.jhu.edu/~jgualla1/COCO_train2014_000000262705.jpg","(1, 2)","","to be dark","being dark","It","{""argument_phrase"": ""It"", ""full_argument_label"": ""nsubj"", ""sentence"": ""<span class=\\\""argument\\\""class=\\\""nsubj\\\"">It</span><span class=\\\""predicate\\\"">is dark</span>""}","it-happened","1","true","yes","2","true","yes","1","true","yes","1","true","yes","1","true","yes","5","true","yes","5","true","yes","5","true","yes","1","true","yes","1","true","yes","1","true","yes","was_used instigation change_of_state change_of_location awareness was_for_benefit existed_before existed_during existed_after is_dynamic sentient change_of_possession volition partitive can_be_dynamic","4","1","true","yes","Submit","1","true","yes","1","true","yes","3","true","yes"
"30IRMPJWDZOQD4IZ47ABYD73R0ERKD","3ZY5FK1Q9GTNBHW1XI2KYSLID9R8OH","Annotating semantic properties of different sentences","Decide what properties different sentences have","semantic properties","$0.80","Tue Dec 05 13:32:44 PST 2023","3","BatchId:5164553;OriginalHitTemplateId:928390828;","10800","259200","Tue Dec 12 13:32:44 PST 2023","","","3Z4XG4ZF49WS2J04UJO1M9FKRV6X8P","A28HB7240OFGEW","Submitted","Tue Dec 05 13:37:42 PST 2023","Tue Dec 05 13:51:50 PST 2023","Fri Dec 08 13:51:50 PST 2023","","","","848","100% (578/578)","0% (0/0)","0% (0/0)","2.0.0","VQA","https://ugrad.cs.jhu.edu/~jgualla1/COCO_train2014_000000262705.jpg","(1, 2)","","to be dark","being dark","It","{""argument_phrase"": ""It"", ""full_argument_label"": ""nsubj"", ""sentence"": ""<span class=\\\""argument\\\""class=\\\""nsubj\\\"">It</span><span class=\\\""predicate\\\"">is dark</span>""}","it-happened","1","true","no","4","true","yes","1","true","no","1","true","no","2","true","no","5","true","yes","5","true","yes","5","true","yes","2","true","no","4","true","yes","5","true","yes","change_of_possession is_dynamic instigation change_of_state existed_before existed_during existed_after partitive was_for_benefit volition can_be_dynamic awareness sentient change_of_location was_used","5","1","true","no","Submit","1","true","no","1","true","yes","4","true","yes"
"30IRMPJWDZOQD4IZ47ABYD73R0ERKD","3ZY5FK1Q9GTNBHW1XI2KYSLID9R8OH","Annotating semantic properties of different sentences","Decide what properties different sentences have","semantic properties","$0.80","Tue Dec 05 13:32:44 PST 2023","3","BatchId:5164553;OriginalHitTemplateId:928390828;","10800","259200","Tue Dec 12 13:32:44 PST 2023","","","37XITHEISXEAHQ452WYEZDPFG58CRG","A17TKHT8FEVH0R","Submitted","Tue Dec 05 14:09:43 PST 2023","Tue Dec 05 14:12:26 PST 2023","Fri Dec 08 14:12:26 PST 2023","","","","163","93% (37/40)","0% (0/0)","0% (0/0)","2.0.0","VQA","https://ugrad.cs.jhu.edu/~jgualla1/COCO_train2014_000000262705.jpg","(1, 2)","","to be dark","being dark","It","{""argument_phrase"": ""It"", ""full_argument_label"": ""nsubj"", ""sentence"": ""<span class=\\\""argument\\\""class=\\\""nsubj\\\"">It</span><span class=\\\""predicate\\\"">is dark</span>""}","it-happened","1","true","yes","5","true","yes","4","true","yes","1","true","yes","2","true","yes","5","true","yes","5","true","yes","5","true","yes","5","true","yes","5","true","yes","4","true","yes","existed_before existed_during existed_after is_dynamic was_for_benefit change_of_possession change_of_state awareness was_used can_be_dynamic partitive instigation sentient volition change_of_location","5","1","true","yes","Submit","1","true","yes","5","true","yes","5","true","yes"
"39WICJI5ATXTJXWJTICP3US0PVBZ33","3ZY5FK1Q9GTNBHW1XI2KYSLID9R8OH","Annotating semantic properties of different sentences","Decide what properties different sentences have","semantic properties","$0.80","Tue Dec 05 13:32:44 PST 2023","3","BatchId:5164553;OriginalHitTemplateId:928390828;","10800","259200","Tue Dec 12 13:32:44 PST 2023","","","3KV0LJBBH3QNQCGWFLSS29URAJAMR6","A28HB7240OFGEW","Submitted","Tue Dec 05 13:33:06 PST 2023","Tue Dec 05 13:44:10 PST 2023","Fri Dec 08 13:44:10 PST 2023","","","","664","100% (578/578)","0% (0/0)","0% (0/0)","2.0.0","VQA","https://ugrad.cs.jhu.edu/~jgualla1/COCO_train2014_000000262705.jpg","(2, 3)","","to be blurry","being blurry","This photograph","{""argument_phrase"": ""This photograph"", ""full_argument_label"": ""nsubj"", ""sentence"": ""<span class=\\\""argument\\\""class=\\\""nsubj\\\"">This photograph</span><span class=\\\""predicate\\\"">is blurry</span>""}","it-happened","1","true","no","1","true","no","1","true","no","3","true","yes","1","true","yes","5","true","yes","1","true","yes","5","true","yes","1","true","yes","1","true","no","1","true","yes","sentient was_used change_of_state instigation awareness was_for_benefit partitive can_be_dynamic existed_before existed_during existed_after is_dynamic change_of_location change_of_possession volition","5","1","true","no","Submit","1","true","no","1","true","no","4","true","yes"
"39WICJI5ATXTJXWJTICP3US0PVBZ33","3ZY5FK1Q9GTNBHW1XI2KYSLID9R8OH","Annotating semantic properties of different sentences","Decide what properties different sentences have","semantic properties","$0.80","Tue Dec 05 13:32:44 PST 2023","3","BatchId:5164553;OriginalHitTemplateId:928390828;","10800","259200","Tue Dec 12 13:32:44 PST 2023","","","33C7UALJVM3KCIFBNQ3UR0BJMGS182","ACKG8OU1KHKO2","Submitted","Tue Dec 05 13:33:28 PST 2023","Tue Dec 05 14:11:35 PST 2023","Fri Dec 08 14:11:35 PST 2023","","","","2287","100% (150/150)","100% (1/1)","100% (1/1)","2.0.0","VQA","https://ugrad.cs.jhu.edu/~jgualla1/COCO_train2014_000000262705.jpg","(2, 3)","","to be blurry","being blurry","This photograph","{""argument_phrase"": ""This photograph"", ""full_argument_label"": ""nsubj"", ""sentence"": ""<span class=\\\""argument\\\""class=\\\""nsubj\\\"">This photograph</span><span class=\\\""predicate\\\"">is blurry</span>""}","it-happened","2","true","yes","1","true","yes","1","true","yes","1","true","yes","4","true","yes","5","true","yes","5","true","yes","5","true","yes","2","true","yes","1","true","yes","4","true","yes","was_used was_for_benefit change_of_state partitive is_dynamic existed_before existed_during existed_after can_be_dynamic change_of_possession instigation volition sentient awareness change_of_location","5","1","true","yes","Submit","2","true","yes","1","true","yes","1","true","yes"
"39WICJI5ATXTJXWJTICP3US0PVBZ33","3ZY5FK1Q9GTNBHW1XI2KYSLID9R8OH","Annotating semantic properties of different sentences","Decide what properties different sentences have","semantic properties","$0.80","Tue Dec 05 13:32:44 PST 2023","3","BatchId:5164553;OriginalHitTemplateId:928390828;","10800","259200","Tue Dec 12 13:32:44 PST 2023","","","3018Q3ZVOJVMOB77II2NTIZRG2SRAY","AKQAI78JTXXC9","Submitted","Tue Dec 05 15:06:44 PST 2023","Tue Dec 05 17:01:10 PST 2023","Fri Dec 08 17:01:10 PST 2023","","","","6866","100% (1668/1668)","100% (1/1)","100% (1/1)","2.0.0","VQA","https://ugrad.cs.jhu.edu/~jgualla1/COCO_train2014_000000262705.jpg","(2, 3)","","to be blurry","being blurry","This photograph","{""argument_phrase"": ""This photograph"", ""full_argument_label"": ""nsubj"", ""sentence"": ""<span class=\\\""argument\\\""class=\\\""nsubj\\\"">This photograph</span><span class=\\\""predicate\\\"">is blurry</span>""}","it-happened","1","true","yes","5","true","yes","1","true","no","1","true","yes","1","true","no","1","true","no","1","true","no","1","true","no","1","true","yes","5","true","yes","2","true","yes","can_be_dynamic was_used volition was_for_benefit awareness instigation change_of_state partitive change_of_possession sentient is_dynamic existed_before existed_during existed_after change_of_location","5","1","true","yes","Submit","1","true","yes","1","true","yes","3","true","no"
"31JUPBOORN9VF5LLQYGCMWPDQ8W8LM","3ZY5FK1Q9GTNBHW1XI2KYSLID9R8OH","Annotating semantic properties of different sentences","Decide what properties different sentences have","semantic properties","$0.80","Tue Dec 05 13:32:44 PST 2023","3","BatchId:5164553;OriginalHitTemplateId:928390828;","10800","259200","Tue Dec 12 13:32:44 PST 2023","","","3ZPPDN2SLW1JAOSX464NYGPOVVE9EI","ACKG8OU1KHKO2","Submitted","Tue Dec 05 13:35:04 PST 2023","Tue Dec 05 14:55:24 PST 2023","Fri Dec 08 14:55:24 PST 2023","","","","4820","100% (150/150)","100% (1/1)","100% (1/1)","2.0.0","VQA","https://ugrad.cs.jhu.edu/~jgualla1/COCO_train2014_000000262705.jpg","(2, 3)","","to be happy","being happy","The child","{""argument_phrase"": ""The child"", ""full_argument_label"": ""nsubj"", ""sentence"": ""<span class=\\\""argument\\\""class=\\\""nsubj\\\"">The child</span><span class=\\\""predicate\\\"">is happy</span>""}","it-happened","2","true","yes","2","true","yes","2","true","yes","1","true","yes","1","true","yes","4","true","yes","4","true","yes","5","true","yes","2","true","yes","1","true","yes","1","true","yes","volition was_for_benefit partitive instigation is_dynamic sentient awareness change_of_location was_used can_be_dynamic change_of_possession change_of_state existed_before existed_during existed_after","5","1","true","yes","Submit","1","true","yes","2","true","yes","2","true","yes"
"31JUPBOORN9VF5LLQYGCMWPDQ8W8LM","3ZY5FK1Q9GTNBHW1XI2KYSLID9R8OH","Annotating semantic properties of different sentences","Decide what properties different sentences have","semantic properties","$0.80","Tue Dec 05 13:32:44 PST 2023","3","BatchId:5164553;OriginalHitTemplateId:928390828;","10800","259200","Tue Dec 12 13:32:44 PST 2023","","","39LOEL67OTAGMLTQAUHDFTQGK0G386","A17TKHT8FEVH0R","Submitted","Tue Dec 05 16:42:16 PST 2023","Tue Dec 05 16:46:05 PST 2023","Fri Dec 08 16:46:05 PST 2023","","","","229","93% (37/40)","0% (0/0)","0% (0/0)","2.0.0","VQA","https://ugrad.cs.jhu.edu/~jgualla1/COCO_train2014_000000262705.jpg","(2, 3)","","to be happy","being happy","The child","{""argument_phrase"": ""The child"", ""full_argument_label"": ""nsubj"", ""sentence"": ""<span class=\\\""argument\\\""class=\\\""nsubj\\\"">The child</span><span class=\\\""predicate\\\"">is happy</span>""}","it-happened","5","true","yes","2","true","yes","5","true","yes","1","true","no","3","true","yes","4","true","yes","5","true","yes","5","true","yes","2","true","yes","2","true","yes","1","true","no","instigation can_be_dynamic change_of_location was_used awareness partitive is_dynamic change_of_possession volition sentient existed_before existed_during existed_after was_for_benefit change_of_state","5","5","true","yes","Submit","4","true","yes","5","true","yes","5","true","yes"
"31JUPBOORN9VF5LLQYGCMWPDQ8W8LM","3ZY5FK1Q9GTNBHW1XI2KYSLID9R8OH","Annotating semantic properties of different sentences","Decide what properties different sentences have","semantic properties","$0.80","Tue Dec 05 13:32:44 PST 2023","3","BatchId:5164553;OriginalHitTemplateId:928390828;","10800","259200","Tue Dec 12 13:32:44 PST 2023","","","3PQMUDRV7SBO1UNM4J0RWOMJ6EHIIS","A3UV55HC87DO9C","Submitted","Tue Dec 05 16:34:05 PST 2023","Tue Dec 05 18:06:39 PST 2023","Fri Dec 08 18:06:39 PST 2023","","","","5554","100% (1572/1572)","100% (1/1)","100% (1/1)","2.0.0","VQA","https://ugrad.cs.jhu.edu/~jgualla1/COCO_train2014_000000262705.jpg","(2, 3)","","to be happy","being happy","The child","{""argument_phrase"": ""The child"", ""full_argument_label"": ""nsubj"", ""sentence"": ""<span class=\\\""argument\\\""class=\\\""nsubj\\\"">The child</span><span class=\\\""predicate\\\"">is happy</span>""}","it-happened","5","true","yes","5","true","yes","5","true","yes","2","true","yes","4","true","yes","5","true","yes","5","true","yes","5","true","yes","4","true","yes","5","true","yes","4","true","yes","partitive was_for_benefit change_of_state change_of_location instigation change_of_possession can_be_dynamic sentient awareness volition existed_before existed_during existed_after was_used is_dynamic","5","5","true","yes","Submit","4","true","yes","5","true","yes","2","false","no"
"3KTZHH2ONIKFLN36QAHRM942QDM8MO","3ZY5FK1Q9GTNBHW1XI2KYSLID9R8OH","Annotating semantic properties of different sentences","Decide what properties different sentences have","semantic properties","$0.80","Tue Dec 05 13:32:44 PST 2023","3","BatchId:5164553;OriginalHitTemplateId:928390828;","10800","259200","Tue Dec 12 13:32:44 PST 2023","","","3R0T90IZ1THJS0VRML4209B8EWWCGJ","A28HB7240OFGEW","Submitted","Tue Dec 05 13:39:51 PST 2023","Tue Dec 05 14:06:46 PST 2023","Fri Dec 08 14:06:46 PST 2023","","","","1615","100% (578/578)","0% (0/0)","0% (0/0)","2.0.0","VQA","https://ugrad.cs.jhu.edu/~jgualla1/COCO_train2014_000000524925.jpg","(1, 5)","","to be on the runway","being on the runway","stripes on the runway","{""argument_phrase"": ""stripes on the runway"", ""full_argument_label"": ""nsubj"", ""sentence"": ""<span class=\\\""argument\\\""class=\\\""nsubj\\\"">stripes on the runway</span><span class=\\\""predicate\\\"">are on the runway</span>""}","it-happened","1","true","no","1","true","no","1","true","no","1","true","no","1","true","no","5","true","yes","1","true","no","5","true","yes","4","true","yes","1","true","no","1","true","no","was_used was_for_benefit partitive volition change_of_location existed_before existed_during existed_after awareness can_be_dynamic change_of_possession instigation sentient change_of_state is_dynamic","3","1","true","no","Submit","1","true","no","1","true","no","4","true","yes"
"3KTZHH2ONIKFLN36QAHRM942QDM8MO","3ZY5FK1Q9GTNBHW1XI2KYSLID9R8OH","Annotating semantic properties of different sentences","Decide what properties different sentences have","semantic properties","$0.80","Tue Dec 05 13:32:44 PST 2023","3","BatchId:5164553;OriginalHitTemplateId:928390828;","10800","259200","Tue Dec 12 13:32:44 PST 2023","","","35BLDD71I72FIQWW3UNWB8F3AT6ZVU","A17TKHT8FEVH0R","Submitted","Tue Dec 05 14:10:29 PST 2023","Tue Dec 05 14:17:57 PST 2023","Fri Dec 08 14:17:57 PST 2023","","","","448","93% (37/40)","0% (0/0)","0% (0/0)","2.0.0","VQA","https://ugrad.cs.jhu.edu/~jgualla1/COCO_train2014_000000524925.jpg","(1, 5)","","to be on the runway","being on the runway","stripes on the runway","{""argument_phrase"": ""stripes on the runway"", ""full_argument_label"": ""nsubj"", ""sentence"": ""<span class=\\\""argument\\\""class=\\\""nsubj\\\"">stripes on the runway</span><span class=\\\""predicate\\\"">are on the runway</span>""}","it-happened","1","true","yes","2","true","yes","2","true","yes","2","true","yes","4","true","yes","3","true","yes","1","true","yes","5","true","yes","3","true","no","1","true","yes","4","true","yes","was_for_benefit partitive change_of_state sentient can_be_dynamic volition is_dynamic change_of_location instigation existed_before existed_during existed_after awareness was_used change_of_possession","1","1","true","yes","Submit","1","true","yes","1","true","no","5","true","yes"
"3KTZHH2ONIKFLN36QAHRM942QDM8MO","3ZY5FK1Q9GTNBHW1XI2KYSLID9R8OH","Annotating semantic properties of different sentences","Decide what properties different sentences have","semantic properties","$0.80","Tue Dec 05 13:32:44 PST 2023","3","BatchId:5164553;OriginalHitTemplateId:928390828;","10800","259200","Tue Dec 12 13:32:44 PST 2023","","","39KFRKBFIO0KNGDU6WZZ29CT864OYP","ACKG8OU1KHKO2","Submitted","Tue Dec 05 13:33:57 PST 2023","Tue Dec 05 14:36:27 PST 2023","Fri Dec 08 14:36:27 PST 2023","","","","3750","100% (150/150)","100% (1/1)","100% (1/1)","2.0.0","VQA","https://ugrad.cs.jhu.edu/~jgualla1/COCO_train2014_000000524925.jpg","(1, 5)","","to be on the runway","being on the runway","stripes on the runway","{""argument_phrase"": ""stripes on the runway"", ""full_argument_label"": ""nsubj"", ""sentence"": ""<span class=\\\""argument\\\""class=\\\""nsubj\\\"">stripes on the runway</span><span class=\\\""predicate\\\"">are on the runway</span>""}","it-happened","2","true","yes","4","true","yes","4","true","yes","1","true","yes","5","true","yes","4","true","yes","2","true","yes","4","true","yes","1","true","yes","2","true","yes","4","true","yes","can_be_dynamic awareness instigation sentient was_for_benefit volition partitive was_used existed_before existed_during existed_after change_of_state change_of_possession change_of_location is_dynamic","4","2","true","yes","Submit","2","true","yes","3","true","yes","2","true","yes"
"3UYRNV2KIT4L35O62BWRZOT2V3W8NO","3ZY5FK1Q9GTNBHW1XI2KYSLID9R8OH","Annotating semantic properties of different sentences","Decide what properties different sentences have","semantic properties","$0.80","Tue Dec 05 13:32:44 PST 2023","3","BatchId:5164553;OriginalHitTemplateId:928390828;","10800","259200","Tue Dec 12 13:32:44 PST 2023","","","3MHW492WW1IFJJXDO5X236JUVPNMVZ","ACKG8OU1KHKO2","Submitted","Tue Dec 05 13:33:12 PST 2023","Tue Dec 05 13:45:42 PST 2023","Fri Dec 08 13:45:42 PST 2023","","","","750","100% (150/150)","100% (1/1)","100% (1/1)","2.0.0","VQA","https://ugrad.cs.jhu.edu/~jgualla1/COCO_train2014_000000000673.jpg","(4, 6)","","to be upside down","being upside down","All of the surfboards","{""argument_phrase"": ""All of the surfboards"", ""full_argument_label"": ""nsubj"", ""sentence"": ""<span class=\\\""argument\\\""class=\\\""nsubj\\\"">All of the surfboards</span><span class=\\\""predicate\\\"">are upside down</span>""}","it-happened","1","true","yes","4","true","yes","4","true","yes","1","true","yes","4","true","yes","4","true","yes","5","true","yes","5","true","yes","1","true","yes","4","true","yes","1","true","yes","change_of_state sentient was_for_benefit existed_before existed_during existed_after change_of_location change_of_possession can_be_dynamic was_used volition instigation awareness partitive is_dynamic","4","1","true","yes","Submit","1","true","yes","1","true","yes","3","true","yes"
"3UYRNV2KIT4L35O62BWRZOT2V3W8NO","3ZY5FK1Q9GTNBHW1XI2KYSLID9R8OH","Annotating semantic properties of different sentences","Decide what properties different sentences have","semantic properties","$0.80","Tue Dec 05 13:32:44 PST 2023","3","BatchId:5164553;OriginalHitTemplateId:928390828;","10800","259200","Tue Dec 12 13:32:44 PST 2023","","","33FBRBDW6P44ZLP93NSE8WUAQDJC83","A28HB7240OFGEW","Submitted","Tue Dec 05 13:38:57 PST 2023","Tue Dec 05 14:03:17 PST 2023","Fri Dec 08 14:03:17 PST 2023","","","","1460","100% (578/578)","0% (0/0)","0% (0/0)","2.0.0","VQA","https://ugrad.cs.jhu.edu/~jgualla1/COCO_train2014_000000000673.jpg","(4, 6)","","to be upside down","being upside down","All of the surfboards","{""argument_phrase"": ""All of the surfboards"", ""full_argument_label"": ""nsubj"", ""sentence"": ""<span class=\\\""argument\\\""class=\\\""nsubj\\\"">All of the surfboards</span><span class=\\\""predicate\\\"">are upside down</span>""}","it-happened","1","true","no","1","true","no","1","true","no","1","true","yes","1","true","yes","5","true","yes","5","true","yes","5","true","yes","1","true","no","1","true","no","1","true","no","awareness partitive is_dynamic instigation volition was_used change_of_location change_of_state was_for_benefit can_be_dynamic sentient change_of_possession existed_before existed_during existed_after","5","1","true","no","Submit","1","true","no","1","true","no","5","true","yes"
"3UYRNV2KIT4L35O62BWRZOT2V3W8NO","3ZY5FK1Q9GTNBHW1XI2KYSLID9R8OH","Annotating semantic properties of different sentences","Decide what properties different sentences have","semantic properties","$0.80","Tue Dec 05 13:32:44 PST 2023","3","BatchId:5164553;OriginalHitTemplateId:928390828;","10800","259200","Tue Dec 12 13:32:44 PST 2023","","","3KXIR214I5LQI2A5URDVF75JC0B24E","A17TKHT8FEVH0R","Submitted","Tue Dec 05 14:05:54 PST 2023","Tue Dec 05 14:07:32 PST 2023","Fri Dec 08 14:07:32 PST 2023","","","","98","93% (37/40)","0% (0/0)","0% (0/0)","2.0.0","VQA","https://ugrad.cs.jhu.edu/~jgualla1/COCO_train2014_000000000673.jpg","(4, 6)","","to be upside down","being upside down","All of the surfboards","{""argument_phrase"": ""All of the surfboards"", ""full_argument_label"": ""nsubj"", ""sentence"": ""<span class=\\\""argument\\\""class=\\\""nsubj\\\"">All of the surfboards</span><span class=\\\""predicate\\\"">are upside down</span>""}","it-happened","1","true","yes","4","true","yes","2","true","yes","3","true","yes","1","true","yes","4","true","yes","5","true","yes","5","true","yes","1","true","yes","2","true","yes","1","true","yes","was_for_benefit volition can_be_dynamic change_of_location was_used change_of_state partitive existed_before existed_during existed_after is_dynamic sentient instigation change_of_possession awareness","5","1","true","yes","Submit","1","true","yes","4","true","yes","4","true","yes"
"3ZQX1VYFTDA3LQOI3QW4EDT7LD18O3","3ZY5FK1Q9GTNBHW1XI2KYSLID9R8OH","Annotating semantic properties of different sentences","Decide what properties different sentences have","semantic properties","$0.80","Tue Dec 05 13:32:44 PST 2023","3","BatchId:5164553;OriginalHitTemplateId:928390828;","10800","259200","Tue Dec 12 13:32:44 PST 2023","","","3BGYGHDBBYPGFOVIQDU7MS8LSME22H","A28HB7240OFGEW","Submitted","Tue Dec 05 13:37:49 PST 2023","Tue Dec 05 13:54:31 PST 2023","Fri Dec 08 13:54:31 PST 2023","","","","1002","100% (578/578)","0% (0/0)","0% (0/0)","2.0.0","VQA","https://ugrad.cs.jhu.edu/~jgualla1/COCO_train2014_000000393922.jpg","(2, 3)","","to say","saying","The subject is The sign","{""argument_phrase"": ""The sign"", ""full_argument_label"": ""nsubj"", ""sentence"": ""<span class=\\\""argument\\\""class=\\\""nsubj\\\"">The subject is The sign</span><span class=\\\""predicate\\\"">says SLOW</span>""}","it-happened","1","true","no","2","true","no","1","true","yes","1","true","no","1","true","yes","2","true","no","5","true","yes","5","true","yes","2","true","no","2","true","no","5","true","yes","change_of_location change_of_state was_used was_for_benefit is_dynamic volition existed_before existed_during existed_after instigation partitive can_be_dynamic awareness sentient change_of_possession","5","1","true","no","Submit","1","true","no","5","true","yes","","true",""
"3ZQX1VYFTDA3LQOI3QW4EDT7LD18O3","3ZY5FK1Q9GTNBHW1XI2KYSLID9R8OH","Annotating semantic properties of different sentences","Decide what properties different sentences have","semantic properties","$0.80","Tue Dec 05 13:32:44 PST 2023","3","BatchId:5164553;OriginalHitTemplateId:928390828;","10800","259200","Tue Dec 12 13:32:44 PST 2023","","","323Q6SJS8JL4V8ACXTCLTF8CQ90HFX","ACKG8OU1KHKO2","Submitted","Tue Dec 05 13:33:40 PST 2023","Tue Dec 05 14:18:25 PST 2023","Fri Dec 08 14:18:25 PST 2023","","","","2685","100% (150/150)","100% (1/1)","100% (1/1)","2.0.0","VQA","https://ugrad.cs.jhu.edu/~jgualla1/COCO_train2014_000000393922.jpg","(2, 3)","","to say","saying","The subject is The sign","{""argument_phrase"": ""The sign"", ""full_argument_label"": ""nsubj"", ""sentence"": ""<span class=\\\""argument\\\""class=\\\""nsubj\\\"">The subject is The sign</span><span class=\\\""predicate\\\"">says SLOW</span>""}","it-happened","1","true","yes","3","true","yes","2","true","yes","2","true","yes","4","true","yes","5","true","yes","5","true","yes","5","true","yes","2","true","yes","3","true","yes","2","true","yes","sentient change_of_location was_for_benefit volition awareness was_used can_be_dynamic partitive change_of_state instigation existed_before existed_during existed_after is_dynamic change_of_possession","4","1","true","yes","Submit","2","true","yes","3","true","yes","5","true","yes"
"3ZQX1VYFTDA3LQOI3QW4EDT7LD18O3","3ZY5FK1Q9GTNBHW1XI2KYSLID9R8OH","Annotating semantic properties of different sentences","Decide what properties different sentences have","semantic properties","$0.80","Tue Dec 05 13:32:44 PST 2023","3","BatchId:5164553;OriginalHitTemplateId:928390828;","10800","259200","Tue Dec 12 13:32:44 PST 2023","","","3X4MXAO0BHTJVOAAJNYFB7WI8LOWR7","A3UV55HC87DO9C","Submitted","Tue Dec 05 13:34:22 PST 2023","Tue Dec 05 15:33:44 PST 2023","Fri Dec 08 15:33:44 PST 2023","","","","7162","100% (1572/1572)","100% (1/1)","100% (1/1)","2.0.0","VQA","https://ugrad.cs.jhu.edu/~jgualla1/COCO_train2014_000000393922.jpg","(2, 3)","","to say","saying","The subject is The sign","{""argument_phrase"": ""The sign"", ""full_argument_label"": ""nsubj"", ""sentence"": ""<span class=\\\""argument\\\""class=\\\""nsubj\\\"">The subject is The sign</span><span class=\\\""predicate\\\"">says SLOW</span>""}","it-happened","2","true","no","1","true","no","1","true","yes","1","true","yes","1","true","yes","2","true","yes","2","true","yes","5","true","yes","1","true","yes","1","true","no","5","true","yes","is_dynamic awareness sentient existed_before existed_during existed_after change_of_possession partitive change_of_location change_of_state can_be_dynamic instigation was_used was_for_benefit volition","2","5","true","yes","Submit","1","true","yes","1","true","yes","5","true","yes"
"3U74KRR67MQ41PGU597MQKPP9GGTNX","3ZY5FK1Q9GTNBHW1XI2KYSLID9R8OH","Annotating semantic properties of different sentences","Decide what properties different sentences have","semantic properties","$0.80","Tue Dec 05 13:32:44 PST 2023","3","BatchId:5164553;OriginalHitTemplateId:928390828;","10800","259200","Tue Dec 12 13:32:44 PST 2023","","","3VNXK88KKDN0CZEJZWTXYKDAVQH9VO","A28HB7240OFGEW","Submitted","Tue Dec 05 13:38:08 PST 2023","Tue Dec 05 13:58:13 PST 2023","Fri Dec 08 13:58:13 PST 2023","","","","1205","100% (578/578)","0% (0/0)","0% (0/0)","2.0.0","VQA","https://ugrad.cs.jhu.edu/~jgualla1/COCO_train2014_000000525012.jpg","(2, 3)","","to smile","smiling","The man","{""argument_phrase"": ""The man"", ""full_argument_label"": ""nsubj"", ""sentence"": ""<span class=\\\""argument\\\""class=\\\""nsubj\\\"">The man</span><span class=\\\""predicate\\\"">is smiling</span>""}","it-happened","5","true","yes","5","true","yes","1","true","yes","1","true","no","4","true","yes","5","true","yes","5","true","yes","5","true","yes","5","true","yes","5","true","yes","5","true","yes","change_of_state was_used volition existed_before existed_during existed_after sentient change_of_possession change_of_location can_be_dynamic is_dynamic instigation awareness partitive was_for_benefit","5","5","true","yes","Submit","5","true","yes","5","true","yes","5","true","yes"
"3U74KRR67MQ41PGU597MQKPP9GGTNX","3ZY5FK1Q9GTNBHW1XI2KYSLID9R8OH","Annotating semantic properties of different sentences","Decide what properties different sentences have","semantic properties","$0.80","Tue Dec 05 13:32:44 PST 2023","3","BatchId:5164553;OriginalHitTemplateId:928390828;","10800","259200","Tue Dec 12 13:32:44 PST 2023","","","33UKMF931AP4JMJ8S7YZO2Q1SC3TTR","A3UV55HC87DO9C","Submitted","Tue Dec 05 13:33:20 PST 2023","Tue Dec 05 14:02:57 PST 2023","Fri Dec 08 14:02:57 PST 2023","","","","1777","100% (1572/1572)","100% (1/1)","100% (1/1)","2.0.0","VQA","https://ugrad.cs.jhu.edu/~jgualla1/COCO_train2014_000000525012.jpg","(2, 3)","","to smile","smiling","The man","{""argument_phrase"": ""The man"", ""full_argument_label"": ""nsubj"", ""sentence"": ""<span class=\\\""argument\\\""class=\\\""nsubj\\\"">The man</span><span class=\\\""predicate\\\"">is smiling</span>""}","it-happened","5","true","yes","4","true","yes","2","true","yes","2","true","yes","4","true","yes","5","true","yes","5","true","yes","5","true","yes","4","true","yes","4","true","yes","5","true","yes","instigation sentient can_be_dynamic was_used change_of_possession was_for_benefit change_of_location existed_before existed_during existed_after is_dynamic volition partitive change_of_state awareness","5","5","true","yes","Submit","4","true","yes","4","true","yes","5","true","yes"
"3U74KRR67MQ41PGU597MQKPP9GGTNX","3ZY5FK1Q9GTNBHW1XI2KYSLID9R8OH","Annotating semantic properties of different sentences","Decide what properties different sentences have","semantic properties","$0.80","Tue Dec 05 13:32:44 PST 2023","3","BatchId:5164553;OriginalHitTemplateId:928390828;","10800","259200","Tue Dec 12 13:32:44 PST 2023","","","3D4CH1LGEBYHU2OOA1UBYJA08BT9GZ","ACKG8OU1KHKO2","Submitted","Tue Dec 05 13:35:06 PST 2023","Tue Dec 05 14:57:42 PST 2023","Fri Dec 08 14:57:42 PST 2023","","","","4956","100% (150/150)","100% (1/1)","100% (1/1)","2.0.0","VQA","https://ugrad.cs.jhu.edu/~jgualla1/COCO_train2014_000000525012.jpg","(2, 3)","","to smile","smiling","The man","{""argument_phrase"": ""The man"", ""full_argument_label"": ""nsubj"", ""sentence"": ""<span class=\\\""argument\\\""class=\\\""nsubj\\\"">The man</span><span class=\\\""predicate\\\"">is smiling</span>""}","it-happened","4","true","yes","4","true","yes","4","true","yes","1","true","yes","4","true","yes","5","true","yes","4","true","yes","5","true","yes","2","true","yes","4","true","yes","5","true","yes","sentient volition existed_before existed_during existed_after is_dynamic can_be_dynamic partitive was_for_benefit awareness change_of_possession change_of_location was_used change_of_state instigation","5","5","true","yes","Submit","2","true","yes","3","true","yes","5","true","yes"
"31GECDVA9JRQS6ZQAFDCDZBPUIH66Q","3ZY5FK1Q9GTNBHW1XI2KYSLID9R8OH","Annotating semantic properties of different sentences","Decide what properties different sentences have","semantic properties","$0.80","Tue Dec 05 13:32:44 PST 2023","3","BatchId:5164553;OriginalHitTemplateId:928390828;","10800","259200","Tue Dec 12 13:32:44 PST 2023","","","3YGXWBAF71M3GK27RK21RKE5ORNC4W","A28HB7240OFGEW","Submitted","Tue Dec 05 13:38:03 PST 2023","Tue Dec 05 13:57:22 PST 2023","Fri Dec 08 13:57:22 PST 2023","","","","1159","100% (578/578)","0% (0/0)","0% (0/0)","2.0.0","VQA","https://ugrad.cs.jhu.edu/~jgualla1/COCO_train2014_000000525015.jpg","(1, 4)","","to use","using","He","{""argument_phrase"": ""He"", ""full_argument_label"": ""nsubj"", ""sentence"": ""<span class=\\\""argument\\\""class=\\\""nsubj\\\"">He</span><span class=\\\""predicate\\\"">is using ski poles</span>""}","it-happened","5","true","yes","5","true","yes","5","true","yes","1","true","no","4","true","yes","5","true","yes","5","true","yes","5","true","yes","5","true","yes","4","true","yes","5","true","yes","was_for_benefit change_of_location awareness change_of_state is_dynamic sentient was_used existed_before existed_during existed_after can_be_dynamic partitive instigation change_of_possession volition","5","5","true","yes","Submit","5","true","yes","5","true","yes","5","true","yes"
"31GECDVA9JRQS6ZQAFDCDZBPUIH66Q","3ZY5FK1Q9GTNBHW1XI2KYSLID9R8OH","Annotating semantic properties of different sentences","Decide what properties different sentences have","semantic properties","$0.80","Tue Dec 05 13:32:44 PST 2023","3","BatchId:5164553;OriginalHitTemplateId:928390828;","10800","259200","Tue Dec 12 13:32:44 PST 2023","","","3ZPBJO59KQ67XOWG6NHV5F5REWKHDM","ACKG8OU1KHKO2","Submitted","Tue Dec 05 13:33:24 PST 2023","Tue Dec 05 14:06:49 PST 2023","Fri Dec 08 14:06:49 PST 2023","","","","2005","100% (150/150)","100% (1/1)","100% (1/1)","2.0.0","VQA","https://ugrad.cs.jhu.edu/~jgualla1/COCO_train2014_000000525015.jpg","(1, 4)","","to use","using","He","{""argument_phrase"": ""He"", ""full_argument_label"": ""nsubj"", ""sentence"": ""<span class=\\\""argument\\\""class=\\\""nsubj\\\"">He</span><span class=\\\""predicate\\\"">is using ski poles</span>""}","it-happened","4","true","yes","5","true","yes","5","true","yes","1","true","yes","4","true","yes","4","true","yes","4","true","yes","5","true","yes","5","true","yes","4","true","yes","1","true","yes","awareness partitive change_of_state existed_before existed_during existed_after is_dynamic change_of_possession instigation sentient volition was_for_benefit can_be_dynamic was_used change_of_location","5","5","true","yes","Submit","4","true","yes","4","true","yes","4","true","yes"
"31GECDVA9JRQS6ZQAFDCDZBPUIH66Q","3ZY5FK1Q9GTNBHW1XI2KYSLID9R8OH","Annotating semantic properties of different sentences","Decide what properties different sentences have","semantic properties","$0.80","Tue Dec 05 13:32:44 PST 2023","3","BatchId:5164553;OriginalHitTemplateId:928390828;","10800","259200","Tue Dec 12 13:32:44 PST 2023","","","3E13VNJ1NO0D1OROWCFL4P5XPCX1IA","A3UV55HC87DO9C","Submitted","Tue Dec 05 13:34:40 PST 2023","Tue Dec 05 15:43:19 PST 2023","Fri Dec 08 15:43:19 PST 2023","","","","7719","100% (1572/1572)","100% (1/1)","100% (1/1)","2.0.0","VQA","https://ugrad.cs.jhu.edu/~jgualla1/COCO_train2014_000000525015.jpg","(1, 4)","","to use","using","He","{""argument_phrase"": ""He"", ""full_argument_label"": ""nsubj"", ""sentence"": ""<span class=\\\""argument\\\""class=\\\""nsubj\\\"">He</span><span class=\\\""predicate\\\"">is using ski poles</span>""}","it-happened","5","true","yes","5","true","yes","5","true","yes","2","true","yes","4","true","yes","5","true","yes","5","true","yes","5","true","yes","5","true","yes","5","true","yes","4","true","yes","was_used change_of_possession can_be_dynamic volition change_of_location is_dynamic instigation change_of_state partitive existed_before existed_during existed_after awareness was_for_benefit sentient","5","5","true","yes","Submit","5","true","yes","5","true","yes","5","true","yes"
"3MWOYZD5WVTOOXBM9SLNWAJ2A8ZON6","3ZY5FK1Q9GTNBHW1XI2KYSLID9R8OH","Annotating semantic properties of different sentences","Decide what properties different sentences have","semantic properties","$0.80","Tue Dec 05 13:32:44 PST 2023","3","BatchId:5164553;OriginalHitTemplateId:928390828;","10800","259200","Tue Dec 12 13:32:44 PST 2023","","","304SM51WA49380CC3L2OE3OTKMPSBB","A28HB7240OFGEW","Submitted","Tue Dec 05 13:38:15 PST 2023","Tue Dec 05 13:58:56 PST 2023","Fri Dec 08 13:58:56 PST 2023","","","","1241","100% (578/578)","0% (0/0)","0% (0/0)","2.0.0","VQA","https://ugrad.cs.jhu.edu/~jgualla1/COCO_train2014_000000393985.jpg","(2, 4)","","to carry","carrying","These people","{""argument_phrase"": ""These people"", ""full_argument_label"": ""nsubj"", ""sentence"": ""<span class=\\\""argument\\\""class=\\\""nsubj\\\"">These people</span><span class=\\\""predicate\\\"">are carrying umbrellas</span>""}","it-happened","5","true","yes","5","true","yes","5","true","yes","1","true","no","4","true","yes","5","true","yes","5","true","yes","5","true","yes","5","true","yes","5","true","yes","5","true","yes","existed_before existed_during existed_after awareness change_of_state volition can_be_dynamic is_dynamic change_of_possession instigation change_of_location was_for_benefit sentient partitive was_used","5","5","true","yes","Submit","5","true","yes","5","true","yes","5","true","yes"
"3MWOYZD5WVTOOXBM9SLNWAJ2A8ZON6","3ZY5FK1Q9GTNBHW1XI2KYSLID9R8OH","Annotating semantic properties of different sentences","Decide what properties different sentences have","semantic properties","$0.80","Tue Dec 05 13:32:44 PST 2023","3","BatchId:5164553;OriginalHitTemplateId:928390828;","10800","259200","Tue Dec 12 13:32:44 PST 2023","","","38F5OAUN5OHRGFV6FAE95NVVSLJ7HL","A17TKHT8FEVH0R","Submitted","Tue Dec 05 14:09:56 PST 2023","Tue Dec 05 14:13:19 PST 2023","Fri Dec 08 14:13:19 PST 2023","","","","203","93% (37/40)","0% (0/0)","0% (0/0)","2.0.0","VQA","https://ugrad.cs.jhu.edu/~jgualla1/COCO_train2014_000000393985.jpg","(2, 4)","","to carry","carrying","These people","{""argument_phrase"": ""These people"", ""full_argument_label"": ""nsubj"", ""sentence"": ""<span class=\\\""argument\\\""class=\\\""nsubj\\\"">These people</span><span class=\\\""predicate\\\"">are carrying umbrellas</span>""}","it-happened","5","true","yes","5","true","yes","4","true","yes","1","true","no","3","true","yes","3","true","yes","5","true","yes","5","true","yes","4","true","yes","4","true","yes","5","true","yes","partitive awareness instigation was_used existed_before existed_during existed_after volition sentient change_of_state change_of_possession change_of_location is_dynamic can_be_dynamic was_for_benefit","5","5","true","yes","Submit","4","true","yes","5","true","yes","5","true","yes"
"3MWOYZD5WVTOOXBM9SLNWAJ2A8ZON6","3ZY5FK1Q9GTNBHW1XI2KYSLID9R8OH","Annotating semantic properties of different sentences","Decide what properties different sentences have","semantic properties","$0.80","Tue Dec 05 13:32:44 PST 2023","3","BatchId:5164553;OriginalHitTemplateId:928390828;","10800","259200","Tue Dec 12 13:32:44 PST 2023","","","3UNH76FOCTAWNDSITGKMA5NOD6PMY8","ACKG8OU1KHKO2","Submitted","Tue Dec 05 13:33:47 PST 2023","Tue Dec 05 14:25:30 PST 2023","Fri Dec 08 14:25:30 PST 2023","","","","3103","100% (150/150)","100% (1/1)","100% (1/1)","2.0.0","VQA","https://ugrad.cs.jhu.edu/~jgualla1/COCO_train2014_000000393985.jpg","(2, 4)","","to carry","carrying","These people","{""argument_phrase"": ""These people"", ""full_argument_label"": ""nsubj"", ""sentence"": ""<span class=\\\""argument\\\""class=\\\""nsubj\\\"">These people</span><span class=\\\""predicate\\\"">are carrying umbrellas</span>""}","it-happened","4","true","yes","5","true","yes","4","true","yes","1","true","yes","4","true","yes","5","true","yes","5","true","yes","5","true","yes","2","true","yes","5","true","yes","4","true","yes","sentient change_of_possession change_of_location instigation can_be_dynamic was_for_benefit awareness is_dynamic change_of_state partitive was_used existed_before existed_during existed_after volition","5","4","true","yes","Submit","4","true","yes","4","true","yes","1","true","yes"